{"Episode Steps":9,"_runtime":115.527003194,"Moving Average Reward":[10,9.9,9.81,9.829,9.846100000000002,9.761490000000002,9.685341000000003,9.616806900000004,9.555126210000005,9.599613589000004,9.539652230100005,9.485687007090005,9.437118306381006,9.493406475742905,9.344065828168615,9.309659245351755,9.378693320816579,9.440823988734921,9.39674158986143,9.257067430875287,9.231360687787758,9.208224619008982,9.187402157108085,9.268661941397276,9.34179574725755,9.207616172531795,9.186854555278616,9.268169099750756,9.24135218977568,9.217216970798113,9.195495273718302,9.275945746346473,9.348351171711826,9.313516054540644,9.28216444908658,9.353948004177921,9.41855320376013,9.276697883384118,9.349028095045707,9.414125285541136,9.372712756987022,9.33544148128832,9.30189733315949,9.37170759984354,9.234536839859187,9.311083155873268,9.179974840285942,9.161977356257347,9.345779620631612,9.411201658568451,9.370081492711607,9.333073343440446,9.399766009096401,9.359789408186762,9.323810467368085,9.391429420631278,9.45228647856815,9.507057830711334,9.356352047640202,9.220716842876183,9.298645158588565,9.368780642729709,9.331902578456738,9.398712320611065,9.458841088549958,9.512956979694962,9.561661281725467,9.605495153552921,9.64494563819763,9.680451074377867,9.61240596694008,9.551165370246073,9.596048833221467,9.53644394989932,9.682799554909389,9.61451959941845,9.453067639476606,9.507760875528945,9.456984787976051,9.611286309178446,9.450157678260602,9.405141910434542,9.464627719391089,9.51816494745198,9.466348452706782,9.519713607436104,9.467742246692495,9.520968022023245,9.56887121982092,9.611984097838828,9.450785688054946,9.505707119249452,9.555136407324508,9.499622766592058,9.449660489932853,9.304694440939569,9.374224996845612,9.336802497161052,9.403122247444948,9.462810022700454,9.41652902043041,9.47487611838737,9.327388506548633,9.39464965589377,9.355184690304394,9.419666221273955,9.47769959914656,9.529929639231904,9.476936675308714,9.529243007777843,9.47631870700006,9.428686836300054,9.48581815267005,9.537236337403044,9.683512703662739,9.715161433296466,9.54364528996682,9.48928076097014,9.340352684873126,9.406317416385814,9.465685674747233,9.61911710727251,9.65720539654526,9.591484856890734,9.53233637120166,9.579102734081495,9.621192460673345,9.65907321460601,9.593165893145411,9.63384930383087,9.670464373447782,9.603417936103005,9.643076142492705,9.678768528243435,9.710891675419091,9.639802507877183,9.575822257089465,9.418240031380519,9.476416028242467,9.52877442541822,9.5758969828764,9.51830728458876,9.466476556129884,9.319828900516896,9.287846010465207,9.159061409418687,9.14315526847682,9.028839741629138,9.025955767466225,9.123360190719604,9.111024171647644,9.19992175448288,9.179929579034592,9.061936621131133,9.15574295901802,9.340168663116218,9.406151796804597,9.465536617124137,9.418982955411725,9.477084659870552,9.529376193883497,9.576438574495148,9.418794717045634,9.37691524534107,9.339223720806965,9.20530134872627,9.284771213853643,9.356294092468278,9.420664683221451,9.378598214899307,9.340738393409378,9.30666455406844,9.375998098661597,9.438398288795439,9.494558459915895,9.545102613924305,9.590592352531875,9.531533117278688,9.578379805550819,9.420541824995738,9.378487642496165,9.540638878246549,9.586574990421894,9.627917491379705,9.565125742241735,9.508613168017561,9.457751851215805,9.411976666094226,9.370778999484804,9.333701099536324,9.300330989582692,9.170297890624424,9.253268101561982,9.427941291405784,9.485147162265205,9.536632446038684,9.582969201434816,9.524672281291334,9.372205053162201,9.234984547845983,9.211486093061385,9.090337483755247,8.981303735379724,9.083173361841752,9.174856025657578,9.15737042309182,9.141633380782638,9.127470042704374,9.114723038433937,9.203250734590544,9.18292566113149,9.064633095018342,9.058169785516508,9.152352806964858,9.237117526268372,9.313405773641536,9.382065196277383,9.443858676649645,9.399472808984681,9.359525528086214,9.323572975277594,9.191215677749836,9.072094109974854,9.06488469897737,9.158396229079633,9.24255660617167,9.118300945554504,9.206470850999054,9.28582376589915,9.257241389309234,9.231517250378312,9.208365525340481,9.087528972806433,9.078776075525791,9.070898467973214,9.063808621175893,8.957427759058305,8.961684983152475,9.065516484837227,9.158964836353505,9.143068352718155,9.128761517446339,9.015885365701706,9.014296829131537,9.012867146218383,9.011580431596546,9.110422388436891,9.099380149593204,9.189442134633884,9.070497921170496,9.063448129053446,9.057103316148103,9.051392984533294,9.146253686079964,9.031628317471968,9.22846548572477,9.305618937152294,9.275057043437066,9.347551339093359,9.312796205184023,9.181516584665621,9.06336492619906,8.957028433579156,8.961325590221241,9.065193031199117,9.058673728079206,9.152806355271286,9.137525719744158,9.123773147769743,9.21139583299277,9.190256249693492,9.271230624724144,9.344107562251729,9.309696806026556,9.178727125423901,9.26085441288151,9.23476897159336,9.211292074434024,9.190162866990622,9.27114658029156,9.344031922262404,9.209628730036165,9.18866585703255,9.169799271329296,9.152819344196367,9.13753740977673,9.123783668799058,9.211405301919152,9.290264771727237,9.361238294554514,9.225114465099065,9.302603018589158,9.272342716730243,9.24510844505722,9.120597600551498,9.10853784049635,9.197684056446715,9.277915650802044,9.25012408572184,9.225111677149657,9.302600509434692,9.272340458491223,9.245106412642102,9.320595771377892,9.388536194240103,9.449682574816093,9.404714317334484,9.364242885601037,9.227818597040935,9.205036737336842,9.184533063603158,9.266079757242842,9.239471781518558,9.215524603366703,9.193972143030033,9.17457492872703,9.257117435854326,9.331405692268893,9.398265123042004,9.458438610737803,9.412594749664024,9.471335274697621,9.32420174722786,9.291781572505075,9.162603415254567,9.146343073729112,9.231708766356201,9.308537889720581,9.177684100748523,9.159915690673671,9.243924121606304,9.219531709445674,9.297578538501106,9.267820684650996,9.241038616185897,9.316934754567308,9.485241279110577,9.43671715119952,9.39304543607957,9.453740892471613,9.508366803224451,9.557530122902007,9.601777110611806,9.541599399550627,9.487439459595565,9.538695513636009,9.584825962272408,9.626343366045168,9.563709029440652,9.507338126496588,9.45660431384693,9.310943882462237,9.279849494216014,9.251864544794413,9.326678090314973,9.294010281283477,9.364609253155129,9.428148327839615,9.385333495055654,9.34680014555009,9.412120130995081,9.470908117895574,9.623817306106016,9.561435575495414,9.705292017945872,9.534762816151286,9.581286534536158,9.623157881082543,9.660842092974288,9.594757883676861,9.635282095309176,9.671753885778259,9.604578497200434,9.54412064748039,9.589708582732351,9.530737724459117,9.677663952013205,9.709897556811885,9.838907801130697,9.755017021017627,9.779515318915864,9.60156378702428,9.641407408321852,9.677266667489667,9.509540000740701,9.558586000666631,9.50272740059997,9.552454660539972,9.597209194485975,9.637488275037377,9.57373944753364,9.616365502780276,9.654728952502248,9.689256057252024,9.520330451526823,9.56829740637414,9.511467665736728,9.560320899163056,9.40428880924675,9.363859928322077,9.32747393548987,9.294726541940884,9.365253887746796,9.328728498972117,9.395855649074905,9.456270084167414,9.410643075750674,9.369578768175607,9.332620891358047,9.299358802222244,9.26942292200002,9.342480629800018,9.408232566820017,9.467409310138015,9.520668379124213,9.568601541211793,9.611741387090614,9.650567248381552,9.585510523543398,9.626959471189059,9.564263524070153,9.50783717166314,9.657053454496825,9.591348109047143,9.632213298142428,9.668991968328186,9.602092771495368,9.541883494345832,9.58769514491125,9.628925630420124,9.566033067378113,9.609429760640301,9.64848678457627,9.583638106118645,9.525274295506781,9.472746865956104,9.525472179360493,9.572924961424444,9.615632465282001,9.554069218753801,9.598662296878421,9.63879606719058,9.574916460471522,9.51742481442437,9.465682332981933,9.41911409968374,9.377202689715368,