{"Total Training Steps":3108,"Episode":334,"Moving Average Reward":[9,9.1,9.19,9.171,9.1539,9.13851,9.124659000000001,9.312193100000002,9.380973790000002,9.342876411000002,9.408588769900003,9.467729892910004,9.520956903619004,9.568861213257103,9.611975091931393,9.550777582738254,9.49569982446443,9.446129842017987,9.401516857816189,9.46136517203457,9.515228654831114,9.563705789348003,9.507335210413203,9.456601689371883,9.410941520434696,9.469847368391227,9.422862631552105,9.380576368396895,9.442518731557206,9.498266858401486,9.548440172561337,9.393596155305204,9.354236539774684,9.418812885797216,9.476931597217495,9.429238437495746,9.386314593746173,9.447683134371555,9.4029148209344,9.362623338840962,9.426361004956865,9.383724904461179,9.445352414015062,9.500817172613557,9.650735455352201,9.585661909816983,9.627095718835285,9.664386146951758,9.497947532256584,9.548152779030925,9.593337501127833,9.63400375101505,9.570603375913544,9.61354303832219,9.652188734489972,9.586969861040975,9.528272874936878,9.475445587443192,9.627901028698872,9.665110925828985,9.698599833246087,9.628739849921478,9.56586586492933,9.509279278436399,9.458351350592759,9.412516215533483,9.371264593980134,9.43413813458212,9.390724321123908,9.25165188901152,9.226486700110367,9.303838030099332,9.1734542270894,9.25610880438046,9.130497923942416,9.217448131548174,9.295703318393358,9.266132986554023,9.239519687898621,9.11556771910876,9.204010947197885,9.283609852478097,9.255248867230288,9.22972398050726,9.306751582456533,9.27607642421088,9.248468781789793,9.223621903610814,9.201259713249733,9.18113374192476,9.263020367732285,9.236718330959057,9.213046497863152,9.191741848076838,9.272567663269154,9.34531089694224,9.310779807248016,9.279701826523215,9.251731643870894,9.226558479483804,9.303902631535424,9.273512368381882,9.346161131543694,9.211545018389325,9.290390516550392,9.261351464895354,9.235216318405818,9.211694686565238,9.290525217908714,9.161472696117844,9.14532542650606,9.130792883855454,9.11771359546991,9.10594223592292,8.995348012330629,8.995813211097566,9.196231889987809,9.276608700989028,9.348947830890125,9.314053047801114,9.282647743021004,9.154382968718904,9.138944671847014,9.225050204662313,9.302545184196083,9.272290665776476,9.245061599198829,9.220555439278947,9.298499895351052,9.268649905815947,9.141784915234354,9.227606423710919,9.204845781339827,9.884361203205845,9.695925082885262,9.726332574596736,9.753699317137063,9.778329385423357,9.700496446881022,9.530446802192921,9.477402121973629,9.429661909776266,9.38669571879864,9.448026146918776,9.5032235322269,9.552901179004209,9.59761106110379,9.63784995499341,9.67406495949407,9.606658463544663,9.645992617190197,9.581393355471178,9.62325401992406,9.660928617931654,9.49483575613849,9.345352180524642,9.31081696247218,9.279735266224963,9.351761739602466,9.41658556564222,9.374927009077998,9.237434308170199,9.31369087735318,9.282321789617862,9.354089610656077,9.418680649590469,9.376812584631422,9.33913132616828,9.405218193551452,9.364696374196308,9.328226736776678,9.39540406309901,9.35586365678911,9.3202772911102,9.28824956199918,9.259424605799262,9.133482145219338,9.120133930697405,9.108120537627665,9.197308483864898,9.277577635478409,9.14981987193057,9.134837884737513,9.121354096263762,9.209218686637385,9.288296817973647,9.359467136176283,9.423520422558655,9.481168380302789,9.53305154227251,9.47974638804526,9.631771749240734,9.568594574316661,9.411735116884996,9.370561605196498,9.333505444676849,9.300154900209165,9.27013941018825,9.343125469169426,9.508812922252483,9.557931630027236,9.702138467024511,9.73192462032206,9.658732158289855,9.59285894246087,9.633573048214783,9.670215743393305,9.703194169053974,9.732874752148577,9.75958727693372,9.683628549240348,9.715265694316313,9.643739124884682,9.579365212396215,9.521428691156595,9.469285822040936,9.422357239836844,9.28012151585316,9.352109364267845,9.41689842784106,9.475208585056954,9.32768772655126,9.394918953896134,9.355427058506521,9.319884352655869,9.287895917390284,9.459106325651256,9.313195693086131,9.281876123777518,9.353688511399767,9.31831966025979,9.286487694233813,9.457838924810432,9.512055032329389,9.560849529096451,9.504764576186806,9.654288118568125,9.588859306711313,9.529973376040182,9.476976038436165,9.529278434592548,9.476350591133293,9.628715532019964,9.665843978817968,9.699259580936172,9.729333622842555,9.6564002605583,9.59076023450247,9.431684211052223,9.488515789947002,9.539664210952301,9.585697789857072,9.627128010871365,9.56441520978423,9.707973688805806,9.537176319925226,9.483458687932705,9.535112819139435,9.481601537225492,9.533441383502943,9.580097245152649,9.622087520637384,9.659878768573646,9.693890891716283,9.624501802544655,9.662051622290189,9.695846460061171,9.626261814055054,9.563635632649548,9.507272069384594,9.556544862446135,9.500890376201522,9.45080133858137,9.505721204723233,9.355149084250911,9.31963417582582,9.387670758243239,9.448903682418916,9.404013314177025,9.363611982759323,9.327250784483391,9.394525706035052,9.355073135431548,9.419565821888392,9.377609239699554,9.439848315729598,9.495863484156638,9.446277135740974,9.701649422166877,9.53148447995019,9.578336031955171,9.420502428759654,9.47845218588369,9.630606967295321,9.66754627056579,9.700791643509211,9.930712479158291,10.337641231242463,11.003877108118218,10.903489397306396,10.613140457575758,10.551826411818183,10.396643770636366,10.256979393572731,10.13128145421546,10.018153308793915,9.916337977914523,9.82470418012307,9.842233762110764,9.858010385899687,9.872209347309719,9.784988412578747,9.806489571320872,9.825840614188785,9.843256552769907,9.758930897492917,9.683037807743625,9.614734026969263,9.553260624272337,9.497934561845105,9.548141105660594,9.493326995094536,9.543994295585083,9.589594866026575,9.730635379423918,9.757571841481527,9.681814657333375,9.613633191600037,9.752269872440033,9.77704288519603,9.699338596676428,9.729404737008785,9.656464263307907,9.690817836977116],"Episode Steps":10,"_runtime":24.478792955,"_step":333,"Episode Reward":10,"_timestamp":1.749118994371513e+09,"_wandb":{"runtime":25}}