{"_timestamp":1.7489163084636083e+09,"Episode":1000,"_wandb":{"runtime":362},"Episode Reward":163,"Total Training Steps":89952,"_step":999,"Moving Average Reward":[9,9,9.1,9.19,9.270999999999999,9.5439,9.489510000000001,9.440559000000002,9.396503100000002,9.456852790000003,9.411167511000004,9.370050759900003,9.333045683910004,9.199741115519005,9.279767003967105,9.251790303570395,9.326611273213356,9.39395014589202,9.354555131302819,9.219099618172537,9.197189656355285,9.177470690719757,9.159723621647782,9.143751259483004,9.229376133534704,9.106438520181234,9.09579466816311,9.1862152013468,9.16759368121212,9.250834313090907,9.225750881781817,9.103175793603636,9.192858214243273,9.173572392818947,9.156215153537053,9.240593638183348,9.316534274365013,9.184880846928513,9.166392762235661,9.249753486012095,9.224778137410885,9.202300323669798,9.182070291302818,9.263863262172537,9.137476935955284,9.223729242359756,9.10135631812378,9.091220686311404,9.282098617680264,9.353888755912237,9.318499880321014,9.286649892288914,9.357984903060023,9.322186412754021,9.28996777147862,9.360970994330758,9.424873894897683,9.482386505407915,9.334147854867124,9.200733069380412,9.28065976244237,9.352593786198133,9.31733440757832,9.385600966820489,9.44704087013844,9.502336783124598,9.552103104812138,9.596892794330925,9.637203514897832,9.673483163408049,9.606134847067244,9.54552136236052,9.590969226124468,9.631872303512022,9.76868507316082,9.691816565844737,9.522634909260265,9.57037141833424,9.513334276500817,9.662000848850736,9.495800763965663,9.446220687569097,9.501598618812187,9.551438756930969,9.496294881237873,9.546665393114086,9.491998853802679,9.542798968422412,9.588519071580171,9.629667164422154,9.466700447979939,9.520030403181945,9.46802736286375,9.421224626577377,9.37910216391964,9.241191947527676,9.317072752774909,9.285365477497418,9.356828929747676,9.421146036772909,9.479031433095617,9.531128289786055,9.37801546080745,9.240213914726706,9.216192523254035,9.294573270928632,9.36511594383577,9.428604349452193,9.485743914506974,9.537169523056278,9.48345257075065,9.435107313675585,9.391596582308027,9.452436924077224,9.607193231669502,9.646473908502552,9.481826517652298,9.433643865887069,9.290279479298363,9.461251531368527,9.515126378231674,9.663613740408506,9.697252366367655,9.62752712973089,9.564774416757801,9.608296975082022,9.647467277573819,9.682720549816437,9.614448494834795,9.653003645351315,9.687703280816184,9.618932952734566,9.657039657461109,9.691335691714999,9.522202122543499,9.56998191028915,9.512983719260236,9.561685347334212,9.605516812600792,9.644965131340713,9.680468618206643,9.612421756385979,9.551179580747382,9.396061622672645,9.356455460405382,9.220809914364844,9.29872892292836,9.168856030635524,9.151970427571973,9.236773384814775,9.213096046333298,9.19178644169997,9.272607797529973,9.145347017776977,9.23081231599928,9.407731084399352,9.366957975959417,9.430262178363476,9.487235960527128,9.538512364474416,9.584661128026974,9.626195015224278,9.463575513701851,9.417217962331668,9.475496166098502,9.327946549488653,9.395151894539788,9.45563670508581,9.51007303457723,9.459065731119507,9.413159158007558,9.371843242206802,9.334658917986122,9.40119302618751,9.46107372356876,9.514966351211884,9.663469716090695,9.697122744481627,9.727410470033464,9.554669423030118,9.499202480727106,9.649282232654397,9.684354009388958,9.715918608450062,9.644326747605056,9.579894072844551,9.521904665560097,9.569714199004087,9.512742779103679,9.46146850119331,9.415321651073981,9.273789485966583,9.346410537369925,9.611769483632933,9.75059253526964,9.775533281742677,9.79797995356841,9.71818195821157,9.546363762390413,9.391727386151373,9.352554647536238,9.217299182782615,9.095569264504354,9.186012338053919,9.267411104248527,9.340669993823674,9.306602994441308,9.275942694997177,9.24834842549746,9.323513582947713,9.291162224652943,9.16204600218765,9.145841401968886,9.431257261771997,9.488131535594798,9.539318382035319,9.585386543831786,9.726847889448608,9.654163100503748,9.588746790453374,9.529872111408038,9.376884900267235,9.239196410240513,9.215276769216462,9.293749092294817,9.364374183065335,9.227936764758802,9.305143088282922,9.27462877945463,9.247165901509169,9.222449311358252,9.200204380222427,9.080183942200186,9.072165547980168,9.064948993182151,9.058454093863936,8.952608684477545,9.05734781602979,9.151613034426811,9.23645173098413,9.212806557885719,9.191525902097148,9.372373311887433,9.83513598069869,9.75162238262882,9.676460144365938,9.608814129929344,9.54793271693641,9.39313944524277,9.253825500718495,9.228442950646647,9.205598655581984,9.185038790023786,9.266534911021408,9.139881419919268,9.32589327792734,9.393303950134607,11.853973555121147,11.668576199609033,11.401718579648131,11.06154672168332,10.755392049514988,10.47985284456349,10.331867560107142,10.298680804096428,10.168812723686786,10.251931451318107,10.126738306186297,10.014064475567668,10.112658028010902,10.001392225209813,10.001253002688832,10.00112770241995,9.901014932177956,9.710913438960162,10.439822095064148,10.295839885557735,10.266255897001962,10.139630307301767,10.12566727657159,10.113100548914431,9.90179049402299,9.811611444620691,9.730450300158623,9.75740527014276,9.781664743128484,9.703498268815636,9.733148441934073,9.759833597740666,9.7838502379666,9.605465214169941,9.744918692752947,9.670426823477653,9.603384141129888,9.4430457270169,9.39874115431521,9.658867038883692,9.692980334995323,9.82368230149579,10.141314071346212,10.127182664211592,10.514464397790434,10.36301795801139,10.326716162210252,10.494044545989226,10.644640091390304,12.080176082251274,11.772158474026147,12.094942626623533,11.88544836396118,11.696903527565063,11.527213174808557,11.374491857327701,11.137042671594932,10.92333840443544,11.431004563991895,11.187904107592706,10.969113696833436,10.872202327150092,10.784982094435083,10.706483884991576,10.53583549649242,10.282251946843179,10.254026752158861,10.328624076942974,10.595761669248677,11.436185502323811,11.69256695209143,11.323310256882289,11.29097923119406,11.061881308074653,10.955693177267188,10.76012385954047,11.184111473586423,11.06570032622778,10.859130293605004,10.973217264244504,11.175895537820054,11.058305984038048,10.852475385634245,11.067227847070821,12.06050506236374,11.754454556127367,11.57900910051463,11.421108190463167,11.478997371416853,11.131097634275168,11.417987870847652,11.276189083762887,11.148570175386599,11.13371315784794,11.120341842063146,11.008307657856832,10.90747689207115,10.716729202864036,10.645056282577633,11.08055065431987,10.872495588887883,11.285246029999096,11.056721426999186,10.951049284299268,12.955944355869342,13.760349920282408,13.484314928254168,13.035883435428753,14.132295091885878,13.71906558269729,13.347159024427562,12.912443121984806,12.721198809786324,13.249078928807693,12.924171035926923,13.131753932334231,12.918578539100809,12.426720685190729,12.284048616671656,13.755643755004492,13.580079379504042,13.822071441553637,14.639864297398272,13.975877867658447,14.378290080892603,15.140461072803344,15.12641496552301,15.11377346897071,14.602396122073639,21.342156509866278,20.10794085887965,19.797146772991685,19.317432095692517,19.385688886123265,18.347119997510937,18.812407997759845,18.73116719798386,21.558050478185475,23.40224543036693,24.062020887330235,22.955818798597214,22.360236918737492,22.124213226863745,21.11179190417737,22.000612713759633,20.900551442383673,19.810496298145306,19.329446668330775,18.396502001497698,28.55685180134793,33.50116662121314,34.451049959091826,36.205944963182645,38.685350466864385,42.816815420177946,39.735133878160156,41.06162049034414,38.45545844130973,36.009912597178754,33.80892133746088,31.428029203714793,29.985226283343312,33.186703655008984,37.26803328950809,35.34122996055728,35.70710696450155,35.03639626805139,32.63275664124625,31.06948097712163,30.562532879409467,29.80627959146852,29.22565163232167,30.603086469089504,30.542777822180554,31.3885000399625,30.049650035966252,29.544685032369628,36.99021652913267,