{"Episode Steps":200,"Episode Reward":200,"_timestamp":1.7489103289415243e+09,"Moving Average Reward":[28,26.7,28.830000000000002,27.647000000000002,26.2823,26.15407,25.838663,27.7547967,26.17931703,24.861385327,23.7752467943,22.49772211487,21.447949903383,20.3031549130447,19.57283942174023,19.015555479566206,18.013999931609586,17.212599938448626,16.791339944603763,16.612205950143387,15.950985355129049,15.355886819616144,14.920298137654529,14.928268323889077,14.535441491500169,14.381897342350154,13.843707608115139,13.359336847303625,13.023403162573263,12.921062846315937,12.628956561684344,12.36606090551591,12.129454814964319,12.716509333467888,12.444858400121099,12.10037256010899,11.790335304098091,11.611301773688282,11.350171596319456,11.115154436687511,11.003638993018761,11.103275093716885,11.692947584345198,11.423652825910679,11.481287543319613,11.533158788987652,12.479842910088887,12.331858619079998,11.898672757172,11.6088054814548,11.54792493330932,11.493132439978387,11.24381919598055,11.419437276382496,11.877493548744246,11.989744193869821,12.19076977448284,12.071692797034556,12.264523517331101,13.03807116559799,13.034264049038192,13.130837644134374,13.517753879720939,13.365978491748844,13.229380642573961,13.506442578316564,13.355798320484908,13.420218488436419,14.878196639592778,14.890376975633501,15.901339278070152,16.211205350263135,15.790084815236824,17.311076333713142,17.679968700341828,18.211971830307647,21.790774647276884,23.111697182549197,26.000527464294276,25.300474717864848,24.870427246078364,24.68338452147053,24.915046069323477,24.623541462391128,25.761187316152018,25.98506858453682,27.786561726083136,28.807905553474825,29.927114998127344,32.13440349831461,39.32096314848315,44.888866833634836,49.69998015027136,52.62998213524422,56.0669839217198,62.16028552954783,64.04425697659305,64.93983127893374,66.74584815104036,68.87126333593633,81.7841370023427,84.70572330210842,89.13515097189759,89.22163587470783,100.29947228723705,101.56952505851335,100.71257255266201,100.54131529739581,102.28718376765623,102.5584653908906,105.10261885180154,110.69235696662139,112.92312126995925,114.53080914296334,116.977728228667,121.47995540580031,128.93195986522028,135.93876387869824,142.3448874908284,144.61039874174557,146.04935886757102,146.04442298081392,147.13998068273253,148.9259826144593,152.33338435301337,151.40004591771205,150.56004132594086,149.70403719334678,151.93363347401208,153.74027012661088,153.7662431139498,155.38961880255482,156.25065692229936,156.42559123006944,157.1830321070625,160.36472889635627,162.92825600672063,164.33543040604857,164.0018873654437,162.20169862889932,160.9815287660094,162.28337588940846,163.85503830046764,167.06953447042088,169.3625810233788,172.4263229210409,175.18369062893683,177.66532156604316,179.29878940943885,178.76891046849497,179.09201942164546,176.3828174794809,176.04453573153282,178.44008215837954,176.19607394254157,174.2764665482874,173.44881989345865,173.2039379041128,175.8835441137015,174.39518970233135,176.9556707320982,174.1601036588884,176.74409329299957,173.36968396369963,161.43271556732967,150.0894440105967,141.28049960953703,140.85244964858333,142.067204683725,144.7604842153525,150.28443579381727,142.25599221443554,133.73039299299197,126.05735369369278,118.15161832432351,111.63645649189115,119.07281084270204,119.16552975843184,116.04897678258865,122.44407910432979,130.1996711938968,134.4797040745071,139.9317336670564,145.93856030035076,150.14470427031569,155.03023384328412,159.52721045895572,154.67448941306014,159.20704047175414,163.28633642457874,166.95770278212086,170.26193250390878,172.03573925351793,174.83216532816616,177.34894879534954,179.6140539158146,180.45264852423315,182.30738367180984,174.97664530462887,169.67898077416598,172.71108269674937,175.43997442707445,177.895976984367,180.1063792859303,182.0957413573373,183.88616722160356,185.4975504994432,186.9477954494989,181.953015904549,183.7577143140941,185.38194288268468,186.8437485944162,188.1593737349746,189.34343636147713,190.40909272532943,191.3681834527965,192.23136510751687,193.00822859676518,193.70740573708866,194.3366651633798,194.9029986470418,195.41269878233763,195.87142890410388,196.2842860136935,196.65585741232417,196.99027167109176,197.2912445039826,197.56212005358435,197.80590804822592,198.02531724340332,198.222785519063,198.4005069671567,198.56045627044102,198.70441064339693,198.83396957905723,198.9505726211515,199.05551535903635,199.1499638231327,199.23496744081945,199.3114706967375,197.68032362706376,196.51229126435737,194.66106213792165,192.9949559241295,189.59546033171657,187.3359142985449,185.1023228686904,181.09209058182137,181.98288152363924,176.28459337127532,172.9561340341478,172.56052063073304,169.00446856765973,169.10402171089376,165.79361953980438,164.31425758582395,167.88283182724157,167.09454864451743,168.58509378006568,167.2265844020591,166.70392596185317,169.43353336566787,171.7901800291011,174.511162026191,177.0600458235719,179.3540412412147,175.81863711709323,173.8367734053839,173.4530960648455,174.00778645836098,176.0070078125249,178.4063070312724,180.56567632814517,180.90910869533067,179.4181978257976,181.47637804321784,180.62874023889606,180.86586621500646,181.17927959350584,182.46135163415528,180.11521647073977,182.1036948236658,179.4933253412992,181.54399280716927,182.18959352645237,183.97063417380713,183.17357075642641,181.6562136807838,180.99059231270542,178.3915330814349,180.5523797732914,178.89714179596226,178.50742761636604,179.65668485472943,177.1910163692565,179.47191473233084,181.52472325909775,183.37225093318798,182.23502583986917,181.71152325588224,183.54037093029402,182.8863338372646,178.39770045353816,180.55793040818435,182.50213736736592,181.95192363062932,177.05673126756642,172.7510581408098,171.1759523267288,167.65835709405593,164.79252138465034,168.3132692461853,169.88194232156678,166.3937480894101,166.05437328046912,169.4489359524222,172.50404235718,174.453638121462,171.00827430931582,170.60744687838422,173.5467021905458,169.19203197149122,168.37282877434208,170.8355458969079,171.55199130721712,174.3967921764954,175.25711295884588,171.03140166296131,170.12826149666517,169.51543534699866,165.7638918122988,164.18750263106892,160.66875236796204,160.70187713116584,159.33168941804925,158.19852047624434,154.2786684286199,154.5508015857579,153.19572142718212,150.4761492844639,149.72853435601752,146.5556809204158,145.10011282837422,144.6901015455368,144.42109139098312,143.6789822518848,141.01108402669632,139.8099756240267,139.828978061624,140.04608025546162,140.84147222991547,144.05732500692392,144.45159250623155,142.70643325560837,140.83578993004755,140.05221093704282,139.74698984333853,138.17229085900468,136.5550617731042,138.5995555957938,136.5396000362144,134.98564003259298,132.88707602933368,132.9983684264003,131.59853158376026,134.03867842538423,132.9348105828458,131.74132952456122,130.9671965721051,132.8704769148946,131.38342922340513,132.54508630106463,131.59057767095817,134.23151990386236,133.50836791347612,135.15753112212852,133.14177800991567,131.12760020892412,129.6148401880317,128.85335616922853,127.76802055230569,133.29121849707514,133.36209664736762,132.72588698263087,138.4532982843678,137.40796845593104,138.16717161033796,136.65045444930416,134.58540900437376,135.52686810393638,130.07418129354275,127.36676316418847,121.13008684776962,122.31707816299266,124.38537034669339,125.94683331202405,129.05214998082164,129.0469349827395,129.94224148446554,129.34801733601898,129.31321560241707,132.48189404217538,132.63370463795783,135.67033417416206,135.10330075674585,134.19297068107127,136.97367361296415,139.57630625166775,141.71867562650098,141.2468080638509,140.5221272574658,143.76991453171922,143.19292307854732,141.7736307706926,144.69626769362333,143.226640924261,142.30397683183492,142.37357914865143,143.3362212337863,141.30259911040767,141.7723391993669,141.39510527943023,138.6555947514872,138.4900352763385,136.44103174870466,135.0969285738342,134.78723571645077,136.40851214480568,