{"_wandb":{"runtime":53},"_timestamp":1.7491188840314145e+09,"Total Training Steps":5932,"Episode":559,"_step":558,"Episode Reward":10,"_runtime":52.274638444,"Episode Steps":10,"Moving Average Reward":[67,61.2,55.980000000000004,53.882000000000005,49.59380000000001,45.534420000000004,41.880978000000006,38.5928802,35.63359218,33.070232962,30.663209665799997,30.89688869922,30.507199829298,28.5564798463682,26.50083186173138,28.250748675558242,26.42567380800242,24.783106427202178,23.20479578448196,21.684316206033763,21.415884585430387,20.17429612688735,19.056866514198614,18.851179862778753,18.266061876500878,17.239455688850793,16.415510119965713,15.773959107969143,15.096563197172228,14.486906877455006,13.938216189709506,15.544394570738556,14.989955113664701,14.390959602298231,13.851863642068409,20.56667727786157,19.510009550075413,18.359008595067873,17.523107735561087,16.77079696200498,15.993717265804483,15.594345539224033,16.83491098530163,16.151419886771468,15.336277898094322,14.80265010828489,14.122385097456402,13.610146587710762,13.349131928939686,13.014218736045718,12.612796862441147,12.251517176197034,12.026365458577331,11.723728912719599,11.451356021447639,11.306220419302875,11.175598377372587,11.058038539635328,10.752234685671796,10.477011217104618,10.429310095394156,10.38637908585474,10.247741177269267,10.222967059542341,10.200670353588107,10.180603318229297,10.162542986406367,10.14628868776573,10.131659818989158,10.118493837090243,10.00664445338122,9.905980008043098,9.915382007238788,9.82384380651491,9.94145942586342,9.847313483277079,9.662582134949371,10.196323921454434,10.076691529308992,10.169022376378093,9.952120138740284,10.356908124866257,10.32121731237963,10.289095581141668,10.160186023027501,10.14416742072475,10.029750678652276,10.026775610787048,10.024098049708345,10.02168824473751,9.81951942026376,9.837567478237384,9.853810730413645,9.768429657372282,9.691586691635054,9.52242802247155,9.570185220224396,9.613166698201956,9.851850028381762,9.866665025543586,9.779998522989228,9.801998670690306,9.621798803621276,10.859618923259148,10.673657030933235,10.606291327839912,10.445662195055922,10.40109597555033,10.260986377995298,10.234887740195768,10.111398966176193,10.000259069558574,10.000233162602717,10.000209846342445,9.800188861708202,9.820169975537382,9.638152977983646,9.574337680185282,9.416903912166754,9.47521352095008,9.527692168855072,9.674922951969565,9.707430656772608,9.636687591095349,9.573018831985815,9.615716948787233,9.65414525390851,9.68873072851766,9.619857655665895,9.657871890099305,9.492084701089375,9.442876230980438,9.498588607882395,9.548729747094155,9.59385677238474,9.534471095146266,9.58102398563164,9.422921587068478,9.480629428361631,9.332566485525469,9.399309836972922,9.359378853275631,9.323440967948068,9.191096871153261,9.171987184037937,9.054788465634143,9.04930961907073,8.944378657163657,8.949940791447291,9.054946712302563,9.049452041072307,9.144506836965077,9.13005615326857,9.017050537941714,9.115345484147543,9.30381093573279,9.27342984215951,9.24608685794356,9.221478172149205,9.299330354934284,9.469397319440855,9.52245758749677,9.370211828747095,9.333190645872387,9.29987158128515,9.369884423156634,9.432895980840971,9.489606382756875,9.540645744481187,9.48658117003307,9.437923053029763,10.294130747726788,10.16471767295411,10.1482459056587,10.13342131509283,10.120079183583547,10.108071265225192,10.497264138702674,10.447537724832406,10.202783952349167,10.082505557114251,10.174255001402825,10.156829501262543,10.04114655113629,10.037031896022661,15.333328706420396,14.799995835778356,14.31999625220052,13.787996626980469,13.309196964282423,12.87827726785418,12.890449541068763,12.601404586961888,12.1412641282657,11.92713771543913,11.734423943895218,11.560981549505696,11.304883394555127,11.274395055099614,10.946955549589653,10.752259994630688,10.47703399516762,10.429330595650859,10.386397536085774,10.347757782477197,10.212982004229477,10.09168380380653,9.982515423425879,9.88426388108329,9.795837492974963,9.716253743677466,9.74462836930972,9.670165532378748,9.703148979140874,9.732834081226788,9.659550673104109,9.593595605793698,9.43423604521433,9.390812440692898,9.451731196623609,9.606558076961248,9.745902269265123,9.571312042338612,9.514180838104751,9.462762754294276,9.516486478864849,9.364837830978365,10.22835404788053,10.305518643092476,10.17496677878323,10.257470100904907,10.231723090814416,10.808550781732974,10.727695703559677,10.654926133203709,10.489433519883338,10.540490167895005,10.486441151105504,10.437797035994954,10.294017332395459,10.264615599155913,10.438154039240324,10.494338635316291,10.944904771784662,10.850414294606196,10.665372865145578,10.49883557863102,10.34895202076792,10.314056818691128,10.282651136822016,10.254386023139816,10.228947420825834,10.106052678743252,9.995447410868927,10.095902669782035,10.186312402803832,10.167681162523449,10.550913046271104,10.395821741643994,10.356239567479594,10.120615610731637,10.108554049658473,10.097698644692626,9.987928780223363,9.889135902201028,9.900222311980926,9.710200080782835,9.639180072704551,9.575262065434098,9.617735858890688,9.65596227300162,11.390366045701459,11.151329441131313,11.036196497018182,10.732576847316365,10.559319162584728,10.603387246326255,10.74304852169363,10.568743669524268,10.511869302571842,10.360682372314658,10.324614135083193,10.192152721574875,10.372937449417389,10.635643704475651,10.572079334028086,10.514871400625278,10.363384260562752,10.227045834506477,10.70434125105583,10.833907125950248,10.750516413355223,10.575464772019702,10.417918294817731,10.37612646533596,10.338513818802364,10.304662436922127,10.174196193229916,10.156776573906924,10.141098916516233,9.92698902486461,10.13429012237815,10.020861110140336,9.918774999126303,9.726897499213674,11.254207749292307,11.128786974363077,11.515908276926769,11.364317449234093,11.227885704310685,11.105097133879617,11.194587420491658,11.075128678442493,10.867615810598243,10.88085422953842,10.692768806584578,10.623491925926121,10.56114273333351,10.705028460000158,10.734525614000141,10.661073052600127,10.494965747340116,10.445469172606105,10.500922255345493,10.550830029810944,10.49574702682985,10.546172324146864,10.391555091732178,10.452399582558959,10.407159624303063,10.266443661872756,10.239799295685481,10.215819366116934,10.094237429505242,9.984813686554718,9.986332317899246,10.087699086109321,9.97892917749839,9.981036259748551,9.882932633773697,9.794639370396327,9.715175433356695,9.743657890021026,9.769292101018925,9.792362890917033,9.91312660182533,9.721813941642797,9.749632547478518,9.674669292730666,9.7072023634576,9.736482127111842,9.862833914400657,9.976550522960592,9.978895470664533,9.98100592359808,9.982905331238271,10.484614798114444,10.236153318303002,10.212537986472702,10.091284187825432,9.982155769042889,9.9839401921386,9.885546172924741,10.096991555632268,9.887292400069043,10.19856316006214,10.078706844055926,9.970836159650334,9.8737525436853,9.98637728931677,11.887739560385095,11.698965604346585,11.529069043911926,12.576162139520733,12.21854592556866,11.896691333011795,11.807022199710616,11.826319979739555,11.443687981765601,14.299319183589041,13.869387265230138,13.582448538707125,13.324203684836412,12.791783316352772,12.512604984717495,12.161344486245746,11.945210037621171,11.750689033859054,11.47562013047315,11.228058117425835,11.105252305683251,10.994727075114927,10.695254367603436,10.425728930843093,10.383156037758784,10.144840433982907,10.130356390584616,10.117320751526155,9.90558867637354,9.815029808736186,9.733526827862569,9.660174145076313,9.594156730568683,9.634741057511814,9.571266951760633,9.61414025658457,9.752726230926113,9.777453607833502,9.799708247050152,9.719737422345137,9.747763680110623,9.772987312099561,9.695688580889605,10.126119722800645,10.013507750520581,9.912156975468523,9.820941277921671,9.738847150129505,9.664962435116555,9.6984661916049,9.62861957244441,9.56575761519997,9.409181853679975,9.368263668311979,9.231437301480781,9.208293571332703,