{"_step":999,"Moving Average Reward":[10,9.9,9.91,10.219000000000001,10.1971,11.17739,11.259651000000002,11.433685900000002,11.290317310000002,13.961285579000004,13.465157021100003,13.018641318990003,12.916777187091004,12.425099468381905,11.982589521543716,12.484330569389346,12.635897512450413,14.672307761205373,14.105076985084835,13.694569286576352,15.725112357918716,15.052601122126845,19.247341009914162,18.622606908922748,19.560346218030475,18.40431159622743,17.66388043660469,29.397492392944223,27.3577431536498,25.52196883828482,23.869771954456336,22.582794759010703,21.224515283109632,20.00206375479867,18.901857379318802,25.61167164138692,23.950504477248227,22.855454029523404,23.269908626571063,21.842917763913956,20.55862598752256,19.402763388770303,18.86248704989327,17.876238344903943,16.88861451041355,16.099753059372194,15.289777753434976,14.660799978091479,14.594719980282331,25.5352479822541,24.28172318402869,22.85355086562582,21.468195779063237,20.22137620115691,19.19923858104122,18.1793147229371,17.361383250643392,16.525244925579052,15.972720433021147,15.375448389719033,18.637903550747133,17.77411319567242,17.19670187610518,16.67703168849466,16.009328519645194,17.108395667680675,16.297556100912608,15.467800490821348,14.821020441739215,14.338918397565294,13.905026557808766,13.41452390202789,13.0730715118251,12.76576436064259,12.589187924578331,12.2302691321205,12.00724221890845,11.706517997017606,11.635866197315845,11.272279577584262,10.945051619825836,10.750546457843253,12.775491812058927,12.397942630853036,12.058148367767734,11.752333530990962,11.477100177891867,11.32939016010268,11.196451144092412,12.076806029683171,11.669125426714855,11.50221288404337,11.351991595639033,11.11679243607513,11.005113192467617,10.904601873220855,10.81414168589877,10.632727517308894,10.569454765578005,10.412509289020205,10.271258360118185,12.844132524106367,12.55971927169573,12.103747344526159,11.793372610073543,11.614035349066189,12.252631814159571,12.027368632743615,13.424631769469253,12.882168592522328,12.493951733270096,12.144556559943087,11.930100903948778,11.6370908135539,11.273381732198512,11.146043558978661,11.131439203080795,11.018295282772716,10.716465754495445,10.744819179045901,10.670337261141311,10.403303535027181,10.362973181524463,10.226675863372018,10.104008277034817,12.193607449331335,11.874246704398201,11.686822033958382,11.418139830562545,11.27632584750629,11.148693262755662,14.533823936480097,14.080441542832087,13.672397388548879,13.105157649693991,12.694641884724593,12.425177696252135,11.982659926626923,17.88439393396423,17.095954540567806,16.38635908651103,21.247723177859925,20.222950860073933,19.00065577406654,18.20059019665989,17.3805311769939,16.64247805929451,16.17823025336506,15.460407228028556,14.814366505225701,14.232929854703132,15.709636869232819,15.738673182309537,18.064805864078586,17.05832527767073,16.152492749903658,15.537243474913293,14.983519127421964,14.385167214679768,13.746650493211792,13.371985443890614,12.834786899501553,12.551308209551399,12.496177388596259,12.146559649736634,11.931903684762972,11.738713316286676,11.664841984658008,11.398357786192207,11.158522007572987,12.342669806815689,12.008402826134121,11.70756254352071,11.43680628916864,11.293125660251777,11.0638130942266,10.95743178480394,10.761688606323547,10.685519745691193,10.416967771122074,10.375270994009867,10.137743894608882,10.023969505147994,10.021572554633195,9.919415299169877,9.82747376925289,10.344726392327601,10.210253753094841,10.089228377785357,10.080305540006822,9.972274986006141,9.775047487405528,9.797542738664976,9.61778846479848,9.656009618318633,9.69040865648677,9.721367790838094,9.649231011754285,9.484307910578858,9.335877119520973,9.302289407568876,9.472060466811989,9.52485442013079,9.572368978117712,9.61513208030594,9.653618872275347,9.588256985047813,10.729431286543033,10.55648815788873,10.400839342099857,10.260755407889873,10.034679867100886,9.931211880390798,11.638090692351717,11.374281623116547,11.136853460804893,11.023168114724404,10.920851303251965,10.828766172926768,10.645889555634092,10.581300600070684,11.123170540063615,10.810853486057255,10.62976813745153,10.566791323706378,10.41011219133574,10.669100972202166,10.60219087498195,10.541971787483755,10.38777460873538,10.248997147861843,10.12409743307566,9.911687689768094,9.820518920791285,9.838467028712156,9.85462032584094,10.269158293256847,10.142242463931163,10.128018217538047,10.015216395784243,10.013694756205819,9.912325280585238,9.721092752526715,12.148983477274044,11.83408512954664,11.550676616591977,11.39560895493278,11.156048059439502,11.040443253495553,10.836398928145998,11.0527590353314,10.84748313179826,10.962734818618433,10.76646133675659,11.889815203080932,14.900833682772838,14.310750314495555,13.879675283046,13.3917077547414,13.052536979267261,13.047283281340535,12.542554953206482,12.088299457885835,12.979469512097252,12.781522560887526,12.403370304798774,12.163033274318897,11.846729946887008,11.562056952198308,11.405851256978478,11.26526613128063,11.838739518152568,11.854865566337313,11.669379009703583,11.302441108733225,11.072196997859903,12.664977298073914,12.298479568266524,11.968631611439871,11.671768450295884,11.904591605266296,11.614132444739667,11.6527192002657,16.18744728023913,15.468702552215218,15.421832296993696,14.879649067294327,14.891684160564894,14.502515744508404,13.852264170057564,13.467037753051809,13.120333977746629,13.208300579971967,12.88747052197477,14.198723469777292,15.078851122799565,14.470966010519609,14.023869409467649,13.621482468520885,13.159334221668797,13.043400799501917,12.739060719551725,12.365154647596553,12.028639182836898,12.025775264553207,11.823197738097887,11.540877964288098,11.286790167859289,10.95811115107336,10.762300035966025,10.686070032369422,10.61746302913248,10.455716726219233,10.31014505359731,10.17913054823758,10.061217493413823,16.65509574407244,15.989586169665197,15.790627552698677,15.21156479742881,14.59040831768593,14.131367485917336,14.218230737325602,13.696407663593043,13.426766897233739,12.984090207510365,12.685681186759329,12.417113068083395,11.975401761275057,11.677861585147552,11.510075426632797,11.359067883969518,11.223161095572566,11.100844986015309,10.890760487413779,10.701684438672402,10.431515994805162,10.288364395324646,10.159527955792182,10.043575160212965,10.03921764419167,11.135295879772503,11.021766291795252,10.819589662615728,10.737630696354156,10.563867626718741,10.507480864046867,10.65673277764218,10.591059499877963,10.431953549890167,10.38875819490115,10.149882375411037,10.034894137869934,9.931404724082942,9.938264251674648,9.844437826507184,9.759994043856466,9.58399463947082,9.725595175523738,9.653035657971365,9.887732092174229,9.998958882956806,9.799062994661126,9.719156695195014,10.247241025675514,10.322516923107962,10.190265230797166,10.57123870771745,10.414114836945705,10.272703353251135,10.445433017926021,10.300889716133419,10.170800744520077,10.15372067006807,10.138348603061264,10.024513742755138,10.122062368479623,9.909856131631662,10.118870518468494,10.006983466621646,10.006285119959482,10.105656607963533,9.995090947167181,9.995581852450464,9.996023667205417,10.196421300484875,10.37677917043639,10.53910125339275,10.385191128053476,10.346672015248128,10.712004813723317,10.940804332350986,10.846723899115888,10.7620515092043,10.68584635828387,10.617261722455483,10.555535550209935,10.499981995188943,10.449983795670049,10.304985416103044,10.17448687449274,10.057038187043466,9.95133436833912,15.856200931505208,17.370580838354687,16.93352275451922,16.2401704790673,15.51615343116057,14.964538088044513,16.368084279240062,15.631275851316056,15.068148266184451,14.961333439566006,14.465200095609406,14.018680086048466,13.616812077443619,13.255130869699258,12.929617782729332,12.6366560044564,12.37299040401076,12.035691363609685,11.732122227248716,12.258910004523845,12.03301900407146,11.629717103664316,11.366745393297885,11.130070853968096,10.917063768571287,11.02535739171416,10.922821652542744,