{
    "0": {
        "0": -6.826478672819606,
        "1": -6.843333710747431,
        "2": -6.848048425140547,
        "3": -6.837238354212103
    },
    "1": {
        "0": -6.681206208464042,
        "1": -6.682949767107775,
        "2": -6.707592425987416,
        "3": -6.698690603612347
    },
    "2": {
        "0": -6.4741107107020275,
        "1": -6.463081369293087,
        "2": -6.5004014435160435,
        "3": -6.497793745689722
    },
    "3": {
        "0": -6.210077849484475,
        "1": -6.189936416706032,
        "2": -6.2110485416261945,
        "3": -6.240130995124621
    },
    "4": {
        "0": -5.90253707752604,
        "1": -5.887588696676058,
        "2": -5.8775443099667575,
        "3": -5.973441589935078
    },
    "5": {
        "0": -5.562348271410911,
        "1": -5.543768881484924,
        "2": -5.560727330771832,
        "3": -5.57515352344384
    },
    "6": {
        "0": -5.181922490135055,
        "1": -5.150621422033907,
        "2": -5.145143967848911,
        "3": -5.2070381384552995
    },
    "7": {
        "0": -4.774925526828309,
        "1": -4.722369656917226,
        "2": -4.7393088292233445,
        "3": -4.744305443917204
    },
    "8": {
        "0": -4.296043628036676,
        "1": -4.255244739700499,
        "2": -4.252811247914061,
        "3": -4.303502452284177
    },
    "9": {
        "0": -3.758571602587478,
        "1": -3.7544835847489972,
        "2": -3.778983386290717,
        "3": -3.813274892702649
    },
    "10": {
        "0": -3.231817878287906,
        "1": -3.195202042817346,
        "2": -3.2115848655508037,
        "3": -3.312607772450435
    },
    "11": {
        "0": -2.659513920747427,
        "1": -2.675915225567211,
        "2": -2.641097829233582,
        "3": -2.6406300992823333
    },
    "12": {
        "0": -6.976869387733032,
        "1": -6.977782053318078,
        "2": -6.987037660329052,
        "3": -6.9888379614145135
    },
    "13": {
        "0": -6.779044505135735,
        "1": -6.78661853180198,
        "2": -6.825560424025934,
        "3": -6.8217581522181785
    },
    "14": {
        "0": -6.550551910104456,
        "1": -6.5425920751972155,
        "2": -6.548333165345161,
        "3": -6.548450670161625
    },
    "15": {
        "0": -6.2428754244310065,
        "1": -6.241086249321223,
        "2": -6.26441094017983,
        "3": -6.271269196155748
    },
    "16": {
        "0": -5.910551856335352,
        "1": -5.899082488481423,
        "2": -5.904782113959455,
        "3": -5.964665386867468
    },
    "17": {
        "0": -5.584724115707657,
        "1": -5.526048347960157,
        "2": -5.5328885472921785,
        "3": -5.577607716750149
    },
    "18": {
        "0": -5.092372026675708,
        "1": -5.084165524294983,
        "2": -5.0807755967120025,
        "3": -5.161272219941175
    },
    "19": {
        "0": -4.622134634089085,
        "1": -4.588515380692422,
        "2": -4.592670100423724,
        "3": -4.6619010007526835
    },
    "20": {
        "0": -4.0439854746924455,
        "1": -4.032429747436096,
        "2": -4.029868192316383,
        "3": -4.071917678836669
    },
    "21": {
        "0": -3.530503991144898,
        "1": -3.411964239545952,
        "2": -3.410462986967617,
        "3": -3.5997136501002633
    },
    "22": {
        "0": -2.766983141684239,
        "1": -2.6994389955964415,
        "2": -2.700122966195469,
        "3": -2.946971504842221
    },
    "23": {
        "0": -2.166112404339846,
        "1": -2.0491140829318693,
        "2": -1.899854444300445,
        "3": -2.1592996176565884
    },
    "24": {
        "0": -7.188439008206162,
        "1": -7.1757046349393105,
        "2": -7.53556068836755,
        "3": -7.304908999794137
    },
    "25": {
        "0": -6.978509326041181,
        "1": -6.8618940390204415,
        "2": -84.10533566215646,
        "3": -7.183833478171152
    },
    "26": {
        "0": -6.690746018483414,
        "1": -6.513215598975125,
        "2": -91.98724546259305,
        "3": -6.747767211680637
    },
    "27": {
        "0": -6.3654151294826535,
        "1": -6.125795109994556,
        "2": -94.687296638767,
        "3": -6.5208742233498365
    },
    "28": {
        "0": -5.955335508398459,
        "1": -5.695327899999069,
        "2": -75.7546568059438,
        "3": -6.28058809552487
    },
    "29": {
        "0": -5.688935383380964,
        "1": -5.217030999999853,
        "2": -72.35864699678277,
        "3": -5.703775040531914
    },
    "30": {
        "0": -5.129779818095551,
        "1": -4.685589999999976,
        "2": -76.0682504270255,
        "3": -5.3101765111425765
    },
    "31": {
        "0": -4.646785223685268,
        "1": -4.0950999999999915,
        "2": -72.3974129688378,
        "3": -4.943843029031621
    },
    "32": {
        "0": -3.764816422309022,
        "1": -3.4389999999999956,
        "2": -88.527129044302,
        "3": -4.290835250935266
    },
    "33": {
        "0": -3.6522781379403746,
        "1": -2.7099999999999973,
        "2": -75.83661876389813,
        "3": -3.723297209977878
    },
    "34": {
        "0": -2.8236316232237226,
        "1": -1.8999999999999986,
        "2": -64.85252219786152,
        "3": -2.7719783485847422
    },
    "35": {
        "0": -2.031783020901502,
        "1": -1.6317744997990882,
        "2": -0.9999999999999996,
        "3": -2.2808754433241893
    },
    "36": {
        "0": -7.458134170967697,
        "1": -93.10494853480891,
        "2": -7.631017656765697,
        "3": -7.636985195388387
    },
    "37": {
        "0": 0.0,
        "1": 0.0,
        "2": 0.0,
        "3": 0.0
    },
    "38": {
        "0": 0.0,
        "1": 0.0,
        "2": 0.0,
        "3": 0.0
    },
    "39": {
        "0": 0.0,
        "1": 0.0,
        "2": 0.0,
        "3": 0.0
    },
    "40": {
        "0": 0.0,
        "1": 0.0,
        "2": 0.0,
        "3": 0.0
    },
    "41": {
        "0": 0.0,
        "1": 0.0,
        "2": 0.0,
        "3": 0.0
    },
    "42": {
        "0": 0.0,
        "1": 0.0,
        "2": 0.0,
        "3": 0.0
    },
    "43": {
        "0": 0.0,
        "1": 0.0,
        "2": 0.0,
        "3": 0.0
    },
    "44": {
        "0": 0.0,
        "1": 0.0,
        "2": 0.0,
        "3": 0.0
    },
    "45": {
        "0": 0.0,
        "1": 0.0,
        "2": 0.0,
        "3": 0.0
    },
    "46": {
        "0": 0.0,
        "1": 0.0,
        "2": 0.0,
        "3": 0.0
    },
    "47": {
        "0": 0.0,
        "1": 0.0,
        "2": 0.0,
        "3": 0.0
    }
}