{
    "0": {
        "0": -6.859612724849543,
        "1": -6.869269015153201,
        "2": -6.888973200439115,
        "3": -6.8761896934314395
    },
    "1": {
        "0": -6.701633525949104,
        "1": -6.709214459622416,
        "2": -6.7131806732872255,
        "3": -6.741123003817517
    },
    "2": {
        "0": -6.503419487579551,
        "1": -6.503974273797535,
        "2": -6.507466706040254,
        "3": -6.520890733811633
    },
    "3": {
        "0": -6.235922112654503,
        "1": -6.219570163255891,
        "2": -6.2384078574394515,
        "3": -6.315244870082675
    },
    "4": {
        "0": -5.933888879489611,
        "1": -5.926661522137372,
        "2": -5.935857785896439,
        "3": -5.929022892543575
    },
    "5": {
        "0": -5.5957427700739775,
        "1": -5.575993080060183,
        "2": -5.5623842875394836,
        "3": -5.638205681779764
    },
    "6": {
        "0": -5.183267798434811,
        "1": -5.188829787675299,
        "2": -5.221394708361463,
        "3": -5.199928057139727
    },
    "7": {
        "0": -4.780066511993257,
        "1": -4.752885695417159,
        "2": -4.778082920121842,
        "3": -4.834080572534673
    },
    "8": {
        "0": -4.299405198049492,
        "1": -4.28498752550336,
        "2": -4.2769894295502215,
        "3": -4.360517085410163
    },
    "9": {
        "0": -3.74958071737107,
        "1": -3.7620614523038878,
        "2": -3.756238927164267,
        "3": -3.9681170693930707
    },
    "10": {
        "0": -3.2912538093169825,
        "1": -3.2111694157257475,
        "2": -3.2299938765648424,
        "3": -3.2262601961978374
    },
    "11": {
        "0": -2.664276941394278,
        "1": -2.7390661687523252,
        "2": -2.639853934985151,
        "3": -2.7282241519768897
    },
    "12": {
        "0": -7.002374305753832,
        "1": -7.006179475392413,
        "2": -7.041203099635089,
        "3": -7.023103966724374
    },
    "13": {
        "0": -6.807415247184729,
        "1": -6.800038678227886,
        "2": -6.833852596981851,
        "3": -6.805400454736546
    },
    "14": {
        "0": -6.598356743493433,
        "1": -6.5598168234814755,
        "2": -6.560652095149907,
        "3": -6.561187778533227
    },
    "15": {
        "0": -6.264988274331769,
        "1": -6.263172804792743,
        "2": -6.255840568598888,
        "3": -6.307245259123928
    },
    "16": {
        "0": -5.975214873815992,
        "1": -5.930590289404381,
        "2": -5.928635144839904,
        "3": -5.931842078930482
    },
    "17": {
        "0": -5.5550499583581106,
        "1": -5.553258614203089,
        "2": -5.550428788266467,
        "3": -5.603881016273762
    },
    "18": {
        "0": -5.132512173254928,
        "1": -5.1191314124571266,
        "2": -5.116269503873612,
        "3": -5.287766675131838
    },
    "19": {
        "0": -4.64526174779955,
        "1": -4.621214332791635,
        "2": -4.621104416315788,
        "3": -4.719351771487626
    },
    "20": {
        "0": -4.107818220578728,
        "1": -4.055927168719294,
        "2": -4.0587737607305145,
        "3": -4.102666028786957
    },
    "21": {
        "0": -3.4301460292572292,
        "1": -3.4188239939242555,
        "2": -3.4163451100155457,
        "3": -3.689962158493136
    },
    "22": {
        "0": -2.747903451807365,
        "1": -2.703657418505593,
        "2": -2.7041163887075736,
        "3": -2.96807854919207
    },
    "23": {
        "0": -2.140289123797739,
        "1": -2.0523855572517293,
        "2": -1.8999035773818589,
        "3": -2.042895356085159
    },
    "24": {
        "0": -7.232716225899468,
        "1": -7.175704634884026,
        "2": -7.465639749793921,
        "3": -7.326430702050742
    },
    "25": {
        "0": -6.962793043323984,
        "1": -6.861894039009636,
        "2": -96.99469018557812,
        "3": -7.185790273642452
    },
    "26": {
        "0": -6.758550938060941,
        "1": -6.513215598977896,
        "2": -78.61668570522535,
        "3": -6.7304524075989836
    },
    "27": {
        "0": -6.287860150449833,
        "1": -6.125795109994739,
        "2": -72.61716611353137,
        "3": -6.536957912970931
    },
    "28": {
        "0": -6.083564719428334,
        "1": -5.695327899999007,
        "2": -78.401208611703,
        "3": -5.98286002532933
    },
    "29": {
        "0": -5.666413405162137,
        "1": -5.217030999999824,
        "2": -68.97069909041267,
        "3": -5.822977825659027
    },
    "30": {
        "0": -5.293673525330104,
        "1": -4.6855899999999755,
        "2": -75.47318179823716,
        "3": -5.026057874295466
    },
    "31": {
        "0": -4.810275607843319,
        "1": -4.0950999999999915,
        "2": -90.18956515989696,
        "3": -4.84028160183582
    },
    "32": {
        "0": -4.287251347797178,
        "1": -3.4389999999999956,
        "2": -75.78910991091811,
        "3": -4.343235114342833
    },
    "33": {
        "0": -3.5819278219939292,
        "1": -2.7099999999999973,
        "2": -60.36725516496408,
        "3": -3.7974962886604975
    },
    "34": {
        "0": -3.037018512119122,
        "1": -1.8999999999999986,
        "2": -96.8400010029066,
        "3": -3.0967524347833573
    },
    "35": {
        "0": -1.8862256976142215,
        "1": -1.5326272922112283,
        "2": -0.9999999999999996,
        "3": -2.063379766390543
    },
    "36": {
        "0": -7.458134170777647,
        "1": -100.36267875872821,
        "2": -7.610475899798127,
        "3": -7.619232508375623
    },
    "37": {
        "0": 0.0,
        "1": 0.0,
        "2": 0.0,
        "3": 0.0
    },
    "38": {
        "0": 0.0,
        "1": 0.0,
        "2": 0.0,
        "3": 0.0
    },
    "39": {
        "0": 0.0,
        "1": 0.0,
        "2": 0.0,
        "3": 0.0
    },
    "40": {
        "0": 0.0,
        "1": 0.0,
        "2": 0.0,
        "3": 0.0
    },
    "41": {
        "0": 0.0,
        "1": 0.0,
        "2": 0.0,
        "3": 0.0
    },
    "42": {
        "0": 0.0,
        "1": 0.0,
        "2": 0.0,
        "3": 0.0
    },
    "43": {
        "0": 0.0,
        "1": 0.0,
        "2": 0.0,
        "3": 0.0
    },
    "44": {
        "0": 0.0,
        "1": 0.0,
        "2": 0.0,
        "3": 0.0
    },
    "45": {
        "0": 0.0,
        "1": 0.0,
        "2": 0.0,
        "3": 0.0
    },
    "46": {
        "0": 0.0,
        "1": 0.0,
        "2": 0.0,
        "3": 0.0
    },
    "47": {
        "0": 0.0,
        "1": 0.0,
        "2": 0.0,
        "3": 0.0
    }
}