{"_timestamp":1.7491189565004916e+09,"_runtime":60.927235895,"_step":816,"Total Training Steps":8281,"Episode Reward":10,"Moving Average Reward":[10,10.2,10.379999999999999,10.241999999999999,10.317799999999998,10.286019999999999,10.457418,10.3116762,10.280508580000001,10.152457722000001,10.637211949800001,10.873490754820002,11.286141679338002,10.957527511404203,10.961774760263783,11.065597284237406,10.859037555813666,10.6731338002323,22.00582042020907,21.205238378188163,20.084714540369347,19.176243086332416,18.658618777699175,17.692756899929257,16.923481209936334,16.3311330889427,15.69801978004843,15.028217802043587,14.625396021839228,14.262856419655305,14.236570777689776,13.712913699920799,13.24162232992872,13.017460096935848,12.715714087242263,12.444142678518038,12.099728410666234,11.98975556959961,11.69078001263965,11.521702011375686,11.369531810238117,11.132578629214306,11.019320766292875,10.817388689663588,10.83564982069723,10.652084838627507,10.686876354764756,10.61818871928828,10.656369847359452,10.490732862623506,10.541659576361155,10.78749361872504,10.608744256852537,11.747869831167282,11.573082848050554,11.3157745632455,11.08419710692095,10.875777396228855,10.88819965660597,10.799379690945374,10.719441721850837,10.547497549665753,10.492747794699177,10.34347301522926,13.209125713706335,12.788213142335703,12.409391828102134,11.968452645291922,11.671607380762731,11.404446642686459,11.564001978417814,11.507601780576032,11.25684160251843,11.231157442266586,10.908041698039929,10.817237528235935,10.735513775412342,10.561962397871108,10.405766158083997,10.165189542275598,10.14867058804804,10.233803529243236,10.210423176318912,10.089380858687022,10.080442772818321,10.17239849553649,10.35515864598284,10.219642781384557,10.997678503246103,11.097910652921492,11.288119587629344,11.05930762886641,10.95337686597977,10.758039179381793,10.682235261443614,10.614011735299252,10.552610561769328,10.597349505592394,10.537614555033155,10.783853099529841,11.005467789576858,10.904921010619173,10.814428909557256,10.53298601860153,10.579687416741377,10.52171867506724,10.369546807560516,10.332592126804464,10.499332914124018,10.249399622711618,10.124459660440456,10.01201369439641,9.910812324956769,9.819731092461092,9.837757983214983,10.153982184893486,10.238583966404137,10.314725569763723,10.383253012787351,10.244927711508616,10.120434940357756,9.90839144632198,9.817552301689783,9.935797071520804,10.142217364368726,10.027995627931855,9.92519606513867,9.932676458624803,9.939408812762323,9.94546793148609,9.850921138337482,9.965829024503734,9.869246122053362,9.782321509848027,9.604089358863225,9.743680422976903,9.769312380679212,9.89238114261129,9.903143028350161,9.812828725515146,9.731545852963633,9.65839126766727,10.192552140900544,10.27329692681049,10.245967234129441,10.721370510716497,10.649233459644847,10.684310113680363,10.615879102312327,10.654291192081095,10.588862072872985,10.629975865585687,10.86697827902712,10.880280451124408,10.592252406011967,10.33302716541077,10.199724448869695,10.079752003982726,10.171776803584454,10.054599123226009,9.94913921090341,9.854225289813069,9.868802760831763,9.881922484748587,9.89373023627373,10.104357212646356,9.993921491381721,9.89452934224355,9.805076408019195,9.824568767217276,9.742111890495549,9.767900701445994,9.691110631301395,9.721999568171256,9.749799611354131,9.67481965021872,9.507337685196848,9.556603916677163,9.500943525009447,9.550849172508503,9.595764255257652,9.636187829731888,9.5725690467587,9.51531214208283,9.563780927874548,9.707402835087093,9.936662551578383,10.342996296420546,10.308696666778491,10.277827000100643,10.65004430009058,10.785039870081523,10.606535883073372,10.345882294766035,10.211294065289433,10.090164658760491,10.081148192884442,10.073033373595997,10.265730036236398,10.339157032612759,10.405241329351483,10.464717196416334,10.718245476774701,10.546420929097232,10.491778836187509,10.442600952568759,10.398340857311883,11.058506771580696,11.052656094422627,11.147390484980363,11.232651436482328,11.109386292834095,10.998447663550687,10.798602897195618,10.718742607476056,10.54686834672845,10.692181512055605,10.822963360850046,10.840667024765041,11.456600322288537,11.610940290059684,11.649846261053717,11.684861634948348,11.516375471453513,11.264737924308163,11.038264131877346,11.134437718689611,10.820993946820652,10.638894552138588,10.575005096924729,10.517504587232256,10.565754128509031,10.70917871565813,10.738260844092316,10.664434759683084,10.497991283714777,10.7481921553433,10.67337293980897,10.606035645828074,10.645432081245266,10.58088887312074,10.622799985808665,10.660519987227799,10.59446798850502,10.635021189654518,10.571519070689066,10.41436716362016,10.272930447258144,10.14563740253233,10.231073662279098,10.407966296051189,10.46716966644607,10.420452699801464,10.278407429821318,10.350566686839185,10.115510018155268,10.003959016339742,10.103563114705768,9.993206803235191,10.093886122911671,10.084497510620505,10.776047759558455,10.698442983602611,10.62859868524235,10.465738816718115,10.419164935046304,10.277248441541674,10.149523597387507,10.034571237648757,10.031114113883882,10.028002702495494,10.025202432245944,9.92268218902135,17.530413970119213,16.87737257310729,16.289635315796563,15.660671784216907,15.094604605795217,14.485144145215695,14.136629730694127,13.622966757624715,13.360670081862244,13.024603073676019,13.022142766308418,12.619928489677577,12.457935640709819,12.212142076638838,11.890927868974954,11.601835082077459,11.341651573869713,11.307486416482742,10.976737774834469,11.179063997351022,11.16115759761592,11.145041837854329,11.030537654068896,10.827483888662007,10.644735499795807,10.680261949816227,10.812235754834607,10.531012179351148,10.477910961416033,10.33011986527443,10.297107878746987,10.067397090872289,9.96065738178506,10.064591643606553,10.158132479245898,10.242319231321309,10.418087308189179,10.47627857737026,10.328650719633234,10.295785647669911,10.466207082902919,10.419586374612628,10.377627737151366,10.23986496343623,10.115878467092607,10.004290620383347,9.903861558345014,10.213475402510513,10.092127862259462,10.582915076033515,10.624623568430163,10.662161211587147,10.595945090428433,10.53635058138559,10.482715523247032,10.534443970922329,10.680999573830096,10.512899616447088,10.461609654802379,10.31544868932214,10.283903820389927,10.355513438350934,10.219962094515841,9.997965885064257,10.398169296557832,10.358352366902048,10.222517130211845,10.20026541719066,10.180238875471595,10.062214987924436,10.355993489131993,10.420394140218795,10.278354726196916,10.150519253577226,10.035467328219504,10.031920595397553,10.028728535857798,10.025855682272018,10.123270114044816,10.110943102640334,10.099848792376301,10.089863913138672,10.080877521824805,10.072789769642325,9.865510792678094,9.878959713410286,9.791063742069257,9.711957367862333,9.6407616310761,9.47668546796849,9.829016921171643,9.74611522905448,9.771503706149032,9.79435333553413,9.714918001980717,9.643426201782646,9.87908358160438,10.091175223443944,9.982057701099551,10.083851930989596,10.075466737890636,9.867920064101574,10.381128057691416,10.143015251922275,9.928713726730049,9.735842354057045,9.86225811865134,9.676032306786206,9.808429076107586,9.727586168496828,9.654827551647145,9.68934479648243,9.620410316834189,9.658369285150771,9.492532356635694,9.443279120972125,9.398951208874914,9.459056087987422,9.41315047918868,9.271835431269812,9.144651888142832,9.230186699328549,9.207168029395694,9.286451226456125,9.357806103810512,9.52202549342946,9.469822944086514,9.422840649677864,9.380556584710078,9.34250092623907,9.408250833615163,9.367425750253648,9.230683175228284,9.307614857705456,9.37685337193491,9.439168034741419,9.395251231267277,9.655726108140549,9.590153497326494,9.531138147593845,9.378024332834462,9.340221899551016,9.306199709595916,9.175579738636324,9.158021764772693,9.242219588295423,9.217997629465883,9.296197866519295,9.266578079867365,9.23992027188063,9.315928244692566,9.28433542022331,9.25590187820098,